"5 especias en polvo ;"
"Squash de bellota ;"
"Salsa de adobo;"
"nectar de agave;"
"atun ;"
"salsa de pasta de Alfredo ;"
"extracto de almendra;"
"harina de almendra;"
"leche de almendras;"
"Almendras;"
"Amaretto;"
"Ancho Chiles ;"
"anchoas;"
"Salchicha de Andouille ;"
"Angel Food Cake Mix ;"
"Angel Hair Pasta ;"
"amargos de Angostura;"
"manzana;"
"mantequilla de manzana extendida ;"
"sidra de manzana;"
"jugo de manzana;"
"especia de pastel de manzana ;"
"conservas de albaricoque ;"
"albaricoques ;"
"Arroz Arborio;"
"polvo de arrurruz;"
"cuartos de corazon de alcachofas ;"
"alcachofas ;"
"Rucula;"
"el barco navega lejos;"
"Asafoetida en polvo ;"
"queso asiago ;"
"Pera asiatica;"
"tallos de esparragos;"
"palta;"
"aceite de aguacate;"
"Baby Bell Peppers ;"
"Bok choy;"
"zanahorias bebe;"
"Maiz bebe;"
"hojas de espinacas baby ;"
"Costillitas de cerdo;"
"panceta;"
"panceta grasa ;"
"baguette;"
"barra de hornear ;"
"Levadura en polvo;"
"bicarbonato de sodio;"
"esmalte balsamico ;"
"vinagre balsamico;"
"brotes de bambu;"
"banano;"
"arroz basmati;"
"hojas de laurel;"
"salsa BBQ;"
"frijoles;"
"carne de res;"
"bistec de carne;"
"caldo de carne;"
"Beef Chuck Roast ;"
"caldo de carne;"
"solomillo de ternera;"
"cerveza;"
"remolacha ;"
"pimiento ;"
"bayas;"
"mezcla de galletas ;"
"galletas;"
"chocolate agridulce;"
"salsa de frijol negro;"
"frijoles negros;"
"Aceitunas negras;"
"pimienta negra;"
"Semillas de sesamo negro ;"
"mora;"
"almendras blanqueadas;"
"sangre naranja;"
"Queso azul;"
"arandanos ;"
"bok choy ;"
"Pechuga de pollo sin piel sin piel ;"
"Borboun;"
"brandy;"
"pan de molde;"
"harina de pan;"
"enlaces de desayuno ;"
"queso Brie;"
"brocoli;"
"Flores de brocoli ;"
"arroz marron ;"
"Harina de arroz integral;"
"az√∫car morena;"
"mezcla de brownie ;"
"coles de Bruselas;"
"bulgur ;"
"manteca;"
"lechuga mantecosa;"
"suero de la leche;"
"calabaza de butternut ;"
"chips de caramelo ;"
"repollo;"
